1.0,"fname1","lname1",33570.0
2.0,"fname2","lname2",11443.0
3.0,"fname3","lname3",2355.0
4.0,"fname4","lname4",6821.0
5.0,"fname5","lname5",7426.0
6.0,"fname6","lname6",1393.0
7.0,"fname7","lname7",22295.0
8.0,"fname8","lname8",44239.0
9.0,"fname9","lname9",13615.0
10.0,"fname10","lname10",19093.0
11.0,"fname11","lname11",35893.0
12.0,"fname12","lname12",14481.0
13.0,"fname13","lname13",37081.0
14.0,"fname14","lname14",1667.0
15.0,"fname15","lname15",39203.0
16.0,"fname16","lname16",15964.0
17.0,"fname17","lname17",44617.0
18.0,"fname18","lname18",37799.0
19.0,"fname19","lname19",18410.0
20.0,"fname20","lname20",12891.0
21.0,"fname21","lname21",6613.0
22.0,"fname22","lname22",48501.0
23.0,"fname23","lname23",3542.0
24.0,"fname24","lname24",3709.0
25.0,"fname25","lname25",33098.0
26.0,"fname26","lname26",31250.0
27.0,"fname27","lname27",45830.0
28.0,"fname28","lname28",27706.0
29.0,"fname29","lname29",3080.0
30.0,"fname30","lname30",20740.0
31.0,"fname31","lname31",8138.0
32.0,"fname32","lname32",3630.0
33.0,"fname33","lname33",34899.0
34.0,"fname34","lname34",37401.0
35.0,"fname35","lname35",37655.0
36.0,"fname36","lname36",48617.0
37.0,"fname37","lname37",31196.0
38.0,"fname38","lname38",47772.0
39.0,"fname39","lname39",30938.0
40.0,"fname40","lname40",35569.0
41.0,"fname41","lname41",45699.0
42.0,"fname42","lname42",25497.0
43.0,"fname43","lname43",12320.0
44.0,"fname44","lname44",20467.0
45.0,"fname45","lname45",22671.0
46.0,"fname46","lname46",16983.0
47.0,"fname47","lname47",16899.0
48.0,"fname48","lname48",4108.0
49.0,"fname49","lname49",47852.0
50.0,"fname50","lname50",12626.0
51.0,"fname51","lname51",33067.0
52.0,"fname52","lname52",17097.0
53.0,"fname53","lname53",8806.0
54.0,"fname54","lname54",31329.0
55.0,"fname55","lname55",43348.0
56.0,"fname56","lname56",38796.0
57.0,"fname57","lname57",3300.0
58.0,"fname58","lname58",25306.0
59.0,"fname59","lname59",25087.0
60.0,"fname60","lname60",11791.0
61.0,"fname61","lname61",25712.0
62.0,"fname62","lname62",1469.0
63.0,"fname63","lname63",43687.0
64.0,"fname64","lname64",19537.0
65.0,"fname65","lname65",48270.0
66.0,"fname66","lname66",22907.0
67.0,"fname67","lname67",2487.0
68.0,"fname68","lname68",13670.0
69.0,"fname69","lname69",49657.0
70.0,"fname70","lname70",31806.0
71.0,"fname71","lname71",46880.0
72.0,"fname72","lname72",19788.0
73.0,"fname73","lname73",33002.0
74.0,"fname74","lname74",41916.0
75.0,"fname75","lname75",36773.0
76.0,"fname76","lname76",36686.0
77.0,"fname77","lname77",8205.0
78.0,"fname78","lname78",30295.0
79.0,"fname79","lname79",13577.0
80.0,"fname80","lname80",38439.0
81.0,"fname81","lname81",44895.0
82.0,"fname82","lname82",31712.0
83.0,"fname83","lname83",39328.0
84.0,"fname84","lname84",29108.0
85.0,"fname85","lname85",13196.0
86.0,"fname86","lname86",5889.0
87.0,"fname87","lname87",27903.0
88.0,"fname88","lname88",47527.0
89.0,"fname89","lname89",5615.0
90.0,"fname90","lname90",18282.0
91.0,"fname91","lname91",31610.0
92.0,"fname92","lname92",22556.0
93.0,"fname93","lname93",471.0
94.0,"fname94","lname94",18880.0
95.0,"fname95","lname95",15318.0
96.0,"fname96","lname96",37750.0
97.0,"fname97","lname97",18041.0
98.0,"fname98","lname98",16783.0
99.0,"fname99","lname99",2103.0
100.0,"fname100","lname100",7573.0
101.0,"fname101","lname101",24243.0
102.0,"fname102","lname102",35461.0
103.0,"fname103","lname103",26383.0
104.0,"fname104","lname104",47679.0
105.0,"fname105","lname105",40229.0
106.0,"fname106","lname106",48942.0
107.0,"fname107","lname107",33985.0
108.0,"fname108","lname108",35475.0
109.0,"fname109","lname109",17593.0
110.0,"fname110","lname110",35362.0
111.0,"fname111","lname111",39946.0
112.0,"fname112","lname112",1455.0
113.0,"fname113","lname113",37734.0
114.0,"fname114","lname114",16476.0
115.0,"fname115","lname115",7505.0
116.0,"fname116","lname116",32747.0
117.0,"fname117","lname117",44268.0
118.0,"fname118","lname118",4467.0
119.0,"fname119","lname119",23877.0
120.0,"fname120","lname120",7881.0
121.0,"fname121","lname121",10160.0
122.0,"fname122","lname122",39033.0
123.0,"fname123","lname123",37079.0
124.0,"fname124","lname124",32594.0
125.0,"fname125","lname125",2450.0
126.0,"fname126","lname126",17767.0
127.0,"fname127","lname127",37366.0
128.0,"fname128","lname128",46804.0
129.0,"fname129","lname129",1735.0
130.0,"fname130","lname130",21285.0
131.0,"fname131","lname131",31805.0
132.0,"fname132","lname132",3789.0
133.0,"fname133","lname133",24774.0
134.0,"fname134","lname134",16991.0
135.0,"fname135","lname135",5796.0
136.0,"fname136","lname136",25717.0
137.0,"fname137","lname137",37769.0
138.0,"fname138","lname138",40941.0
139.0,"fname139","lname139",21265.0
140.0,"fname140","lname140",27070.0
141.0,"fname141","lname141",16460.0
142.0,"fname142","lname142",13324.0
143.0,"fname143","lname143",33109.0
144.0,"fname144","lname144",43363.0
145.0,"fname145","lname145",43804.0
146.0,"fname146","lname146",17226.0
147.0,"fname147","lname147",16444.0
148.0,"fname148","lname148",12217.0
149.0,"fname149","lname149",43727.0
150.0,"fname150","lname150",33615.0
151.0,"fname151","lname151",23237.0
152.0,"fname152","lname152",24659.0
153.0,"fname153","lname153",5669.0
154.0,"fname154","lname154",3373.0
155.0,"fname155","lname155",41768.0
156.0,"fname156","lname156",3783.0
157.0,"fname157","lname157",48561.0
158.0,"fname158","lname158",29715.0
159.0,"fname159","lname159",33971.0
160.0,"fname160","lname160",5728.0
161.0,"fname161","lname161",9925.0
162.0,"fname162","lname162",14305.0
163.0,"fname163","lname163",3936.0
164.0,"fname164","lname164",30989.0
165.0,"fname165","lname165",49218.0
166.0,"fname166","lname166",47206.0
167.0,"fname167","lname167",35700.0
168.0,"fname168","lname168",14774.0
169.0,"fname169","lname169",2078.0
170.0,"fname170","lname170",26596.0
171.0,"fname171","lname171",7134.0
172.0,"fname172","lname172",35420.0
173.0,"fname173","lname173",24081.0
174.0,"fname174","lname174",48297.0
175.0,"fname175","lname175",34830.0
176.0,"fname176","lname176",37083.0
177.0,"fname177","lname177",37999.0
178.0,"fname178","lname178",20863.0
179.0,"fname179","lname179",21524.0
180.0,"fname180","lname180",47749.0
181.0,"fname181","lname181",25263.0
182.0,"fname182","lname182",35422.0
183.0,"fname183","lname183",20225.0
184.0,"fname184","lname184",46739.0
185.0,"fname185","lname185",36256.0
186.0,"fname186","lname186",30570.0
187.0,"fname187","lname187",30627.0
188.0,"fname188","lname188",43488.0
189.0,"fname189","lname189",37358.0
190.0,"fname190","lname190",30786.0
191.0,"fname191","lname191",19335.0
192.0,"fname192","lname192",38760.0
193.0,"fname193","lname193",1874.0
194.0,"fname194","lname194",44216.0
195.0,"fname195","lname195",25489.0
196.0,"fname196","lname196",48362.0
197.0,"fname197","lname197",25117.0
198.0,"fname198","lname198",4286.0
199.0,"fname199","lname199",36913.0
200.0,"fname200","lname200",32136.0
201.0,"fname201","lname201",12171.0
202.0,"fname202","lname202",27165.0
203.0,"fname203","lname203",2141.0
204.0,"fname204","lname204",16530.0
205.0,"fname205","lname205",19243.0
206.0,"fname206","lname206",38328.0
207.0,"fname207","lname207",13432.0
208.0,"fname208","lname208",3529.0
209.0,"fname209","lname209",43046.0
210.0,"fname210","lname210",6431.0
211.0,"fname211","lname211",10856.0
212.0,"fname212","lname212",33405.0
213.0,"fname213","lname213",31826.0
214.0,"fname214","lname214",393.0
215.0,"fname215","lname215",7451.0
216.0,"fname216","lname216",49294.0
217.0,"fname217","lname217",17699.0
218.0,"fname218","lname218",45509.0
219.0,"fname219","lname219",4731.0
220.0,"fname220","lname220",26690.0
221.0,"fname221","lname221",31764.0
222.0,"fname222","lname222",5087.0
223.0,"fname223","lname223",7966.0
224.0,"fname224","lname224",39671.0
225.0,"fname225","lname225",23194.0
226.0,"fname226","lname226",22363.0
227.0,"fname227","lname227",5294.0
228.0,"fname228","lname228",6229.0
229.0,"fname229","lname229",49041.0
230.0,"fname230","lname230",26368.0
231.0,"fname231","lname231",37396.0
232.0,"fname232","lname232",19350.0
233.0,"fname233","lname233",46674.0
234.0,"fname234","lname234",23708.0
235.0,"fname235","lname235",11301.0
236.0,"fname236","lname236",49654.0
237.0,"fname237","lname237",39487.0
238.0,"fname238","lname238",27134.0
239.0,"fname239","lname239",45321.0
240.0,"fname240","lname240",43220.0
241.0,"fname241","lname241",2947.0
242.0,"fname242","lname242",37238.0
243.0,"fname243","lname243",2456.0
244.0,"fname244","lname244",5876.0
245.0,"fname245","lname245",30093.0
246.0,"fname246","lname246",36572.0
247.0,"fname247","lname247",40747.0
248.0,"fname248","lname248",47705.0
249.0,"fname249","lname249",25627.0
250.0,"fname250","lname250",42996.0
251.0,"fname251","lname251",22222.0
252.0,"fname252","lname252",15035.0
253.0,"fname253","lname253",2348.0
254.0,"fname254","lname254",4245.0
255.0,"fname255","lname255",19688.0
256.0,"fname256","lname256",25671.0
257.0,"fname257","lname257",21886.0
258.0,"fname258","lname258",27424.0
259.0,"fname259","lname259",47894.0
260.0,"fname260","lname260",19245.0
261.0,"fname261","lname261",21124.0
262.0,"fname262","lname262",28222.0
263.0,"fname263","lname263",29176.0
264.0,"fname264","lname264",20021.0
265.0,"fname265","lname265",29.0
266.0,"fname266","lname266",34106.0
267.0,"fname267","lname267",35399.0
268.0,"fname268","lname268",10657.0
269.0,"fname269","lname269",45321.0
270.0,"fname270","lname270",29436.0
271.0,"fname271","lname271",41768.0
272.0,"fname272","lname272",3547.0
273.0,"fname273","lname273",22969.0
274.0,"fname274","lname274",26530.0
275.0,"fname275","lname275",49519.0
276.0,"fname276","lname276",6353.0
277.0,"fname277","lname277",46701.0
278.0,"fname278","lname278",5865.0
279.0,"fname279","lname279",41593.0
280.0,"fname280","lname280",11207.0
281.0,"fname281","lname281",4649.0
282.0,"fname282","lname282",7102.0
283.0,"fname283","lname283",47616.0
284.0,"fname284","lname284",37731.0
285.0,"fname285","lname285",1795.0
286.0,"fname286","lname286",16714.0
287.0,"fname287","lname287",12353.0
288.0,"fname288","lname288",6271.0
289.0,"fname289","lname289",16414.0
290.0,"fname290","lname290",25324.0
291.0,"fname291","lname291",25177.0
292.0,"fname292","lname292",34316.0
293.0,"fname293","lname293",18295.0
294.0,"fname294","lname294",45670.0
295.0,"fname295","lname295",6568.0
296.0,"fname296","lname296",38872.0
297.0,"fname297","lname297",12191.0
298.0,"fname298","lname298",4154.0
299.0,"fname299","lname299",10417.0
300.0,"fname300","lname300",24263.0
301.0,"fname301","lname301",18729.0
302.0,"fname302","lname302",16835.0
303.0,"fname303","lname303",2800.0
304.0,"fname304","lname304",25097.0
305.0,"fname305","lname305",40205.0
306.0,"fname306","lname306",44209.0
307.0,"fname307","lname307",34499.0
308.0,"fname308","lname308",5997.0
309.0,"fname309","lname309",22125.0
310.0,"fname310","lname310",7853.0
311.0,"fname311","lname311",6778.0
312.0,"fname312","lname312",37735.0
313.0,"fname313","lname313",17528.0
314.0,"fname314","lname314",30774.0
315.0,"fname315","lname315",29047.0
316.0,"fname316","lname316",630.0
317.0,"fname317","lname317",9203.0
318.0,"fname318","lname318",10028.0
319.0,"fname319","lname319",27385.0
320.0,"fname320","lname320",29348.0
321.0,"fname321","lname321",42650.0
322.0,"fname322","lname322",17534.0
323.0,"fname323","lname323",33468.0
324.0,"fname324","lname324",13014.0
325.0,"fname325","lname325",49955.0
326.0,"fname326","lname326",26243.0
327.0,"fname327","lname327",16737.0
328.0,"fname328","lname328",7947.0
329.0,"fname329","lname329",22018.0
330.0,"fname330","lname330",7890.0
331.0,"fname331","lname331",45138.0
332.0,"fname332","lname332",17893.0
333.0,"fname333","lname333",22657.0
334.0,"fname334","lname334",22006.0
335.0,"fname335","lname335",34048.0
336.0,"fname336","lname336",18421.0
337.0,"fname337","lname337",16425.0
338.0,"fname338","lname338",15287.0
339.0,"fname339","lname339",24813.0
340.0,"fname340","lname340",44714.0
341.0,"fname341","lname341",6390.0
342.0,"fname342","lname342",35013.0
343.0,"fname343","lname343",16425.0
344.0,"fname344","lname344",1419.0
345.0,"fname345","lname345",47863.0
346.0,"fname346","lname346",46137.0
347.0,"fname347","lname347",41360.0
348.0,"fname348","lname348",14671.0
349.0,"fname349","lname349",5413.0
350.0,"fname350","lname350",49475.0
351.0,"fname351","lname351",31846.0
352.0,"fname352","lname352",2950.0
353.0,"fname353","lname353",24723.0
354.0,"fname354","lname354",48380.0
355.0,"fname355","lname355",14455.0
356.0,"fname356","lname356",13054.0
357.0,"fname357","lname357",36598.0
358.0,"fname358","lname358",48325.0
359.0,"fname359","lname359",38749.0
360.0,"fname360","lname360",13090.0
361.0,"fname361","lname361",16288.0
362.0,"fname362","lname362",41932.0
363.0,"fname363","lname363",25534.0
364.0,"fname364","lname364",12804.0
365.0,"fname365","lname365",1216.0
366.0,"fname366","lname366",2515.0
367.0,"fname367","lname367",33072.0
368.0,"fname368","lname368",10861.0
369.0,"fname369","lname369",25023.0
370.0,"fname370","lname370",31426.0
371.0,"fname371","lname371",33173.0
372.0,"fname372","lname372",22829.0
373.0,"fname373","lname373",7015.0
374.0,"fname374","lname374",40076.0
375.0,"fname375","lname375",11655.0
376.0,"fname376","lname376",45287.0
377.0,"fname377","lname377",13259.0
378.0,"fname378","lname378",17546.0
379.0,"fname379","lname379",42216.0
380.0,"fname380","lname380",5081.0
381.0,"fname381","lname381",25960.0
382.0,"fname382","lname382",43953.0
383.0,"fname383","lname383",46098.0
384.0,"fname384","lname384",39020.0
385.0,"fname385","lname385",32596.0
386.0,"fname386","lname386",16583.0
387.0,"fname387","lname387",16636.0
388.0,"fname388","lname388",33782.0
389.0,"fname389","lname389",27861.0
390.0,"fname390","lname390",9402.0
391.0,"fname391","lname391",17540.0
392.0,"fname392","lname392",37101.0
393.0,"fname393","lname393",4541.0
394.0,"fname394","lname394",26677.0
395.0,"fname395","lname395",7700.0
396.0,"fname396","lname396",1543.0
397.0,"fname397","lname397",21129.0
398.0,"fname398","lname398",43111.0
399.0,"fname399","lname399",38244.0
400.0,"fname400","lname400",3583.0
401.0,"fname401","lname401",22711.0
402.0,"fname402","lname402",21975.0
403.0,"fname403","lname403",40759.0
404.0,"fname404","lname404",47468.0
405.0,"fname405","lname405",16021.0
406.0,"fname406","lname406",48833.0
407.0,"fname407","lname407",30996.0
408.0,"fname408","lname408",39077.0
409.0,"fname409","lname409",12462.0
410.0,"fname410","lname410",3607.0
411.0,"fname411","lname411",29896.0
412.0,"fname412","lname412",776.0
413.0,"fname413","lname413",36552.0
414.0,"fname414","lname414",16696.0
415.0,"fname415","lname415",23567.0
416.0,"fname416","lname416",10132.0
417.0,"fname417","lname417",32175.0
418.0,"fname418","lname418",7693.0
419.0,"fname419","lname419",7949.0
420.0,"fname420","lname420",20292.0
421.0,"fname421","lname421",39078.0
422.0,"fname422","lname422",33213.0
423.0,"fname423","lname423",34662.0
424.0,"fname424","lname424",44656.0
425.0,"fname425","lname425",14642.0
426.0,"fname426","lname426",45614.0
427.0,"fname427","lname427",34638.0
428.0,"fname428","lname428",30084.0
429.0,"fname429","lname429",12661.0
430.0,"fname430","lname430",11933.0
431.0,"fname431","lname431",17056.0
432.0,"fname432","lname432",47880.0
433.0,"fname433","lname433",40773.0
434.0,"fname434","lname434",20996.0
435.0,"fname435","lname435",25473.0
436.0,"fname436","lname436",23143.0
437.0,"fname437","lname437",39122.0
438.0,"fname438","lname438",29168.0
439.0,"fname439","lname439",41367.0
440.0,"fname440","lname440",13470.0
441.0,"fname441","lname441",44303.0
442.0,"fname442","lname442",2494.0
443.0,"fname443","lname443",38246.0
444.0,"fname444","lname444",29414.0
445.0,"fname445","lname445",15940.0
446.0,"fname446","lname446",30049.0
447.0,"fname447","lname447",6076.0
448.0,"fname448","lname448",9623.0
449.0,"fname449","lname449",1904.0
450.0,"fname450","lname450",35116.0
451.0,"fname451","lname451",7120.0
452.0,"fname452","lname452",28682.0
453.0,"fname453","lname453",16969.0
454.0,"fname454","lname454",49116.0
455.0,"fname455","lname455",35826.0
456.0,"fname456","lname456",802.0
457.0,"fname457","lname457",3204.0
458.0,"fname458","lname458",39776.0
459.0,"fname459","lname459",18982.0
460.0,"fname460","lname460",22648.0
461.0,"fname461","lname461",13403.0
462.0,"fname462","lname462",6665.0
463.0,"fname463","lname463",7927.0
464.0,"fname464","lname464",8469.0
465.0,"fname465","lname465",27708.0
466.0,"fname466","lname466",18595.0
467.0,"fname467","lname467",23552.0
468.0,"fname468","lname468",42435.0
469.0,"fname469","lname469",7669.0
470.0,"fname470","lname470",6366.0
471.0,"fname471","lname471",3977.0
472.0,"fname472","lname472",8965.0
473.0,"fname473","lname473",45031.0
474.0,"fname474","lname474",33526.0
475.0,"fname475","lname475",41824.0
476.0,"fname476","lname476",37639.0
477.0,"fname477","lname477",29906.0
478.0,"fname478","lname478",14004.0
479.0,"fname479","lname479",1319.0
480.0,"fname480","lname480",12004.0
481.0,"fname481","lname481",15568.0
482.0,"fname482","lname482",20078.0
483.0,"fname483","lname483",36925.0
484.0,"fname484","lname484",35619.0
485.0,"fname485","lname485",13861.0
486.0,"fname486","lname486",5676.0
487.0,"fname487","lname487",42285.0
488.0,"fname488","lname488",28203.0
489.0,"fname489","lname489",11847.0
490.0,"fname490","lname490",41891.0
491.0,"fname491","lname491",1896.0
492.0,"fname492","lname492",6477.0
493.0,"fname493","lname493",34807.0
494.0,"fname494","lname494",28037.0
495.0,"fname495","lname495",46214.0
496.0,"fname496","lname496",29164.0
497.0,"fname497","lname497",18624.0
498.0,"fname498","lname498",3496.0
499.0,"fname499","lname499",20958.0
500.0,"fname500","lname500",37354.0
501.0,"fname501","lname501",40484.0
502.0,"fname502","lname502",32199.0
503.0,"fname503","lname503",30961.0
504.0,"fname504","lname504",28086.0
505.0,"fname505","lname505",38554.0
506.0,"fname506","lname506",28034.0
507.0,"fname507","lname507",41951.0
508.0,"fname508","lname508",11080.0
509.0,"fname509","lname509",18095.0
510.0,"fname510","lname510",26773.0
511.0,"fname511","lname511",48952.0
512.0,"fname512","lname512",42606.0
513.0,"fname513","lname513",9610.0
514.0,"fname514","lname514",24196.0
515.0,"fname515","lname515",26719.0
516.0,"fname516","lname516",41176.0
517.0,"fname517","lname517",23735.0
518.0,"fname518","lname518",33743.0
519.0,"fname519","lname519",17101.0
520.0,"fname520","lname520",3447.0
521.0,"fname521","lname521",1875.0
522.0,"fname522","lname522",31382.0
523.0,"fname523","lname523",4399.0
524.0,"fname524","lname524",46471.0
525.0,"fname525","lname525",44585.0
526.0,"fname526","lname526",25039.0
527.0,"fname527","lname527",26808.0
528.0,"fname528","lname528",30761.0
529.0,"fname529","lname529",25506.0
530.0,"fname530","lname530",36086.0
531.0,"fname531","lname531",21275.0
532.0,"fname532","lname532",15908.0
533.0,"fname533","lname533",47590.0
534.0,"fname534","lname534",16268.0
535.0,"fname535","lname535",44482.0
536.0,"fname536","lname536",20540.0
537.0,"fname537","lname537",5668.0
538.0,"fname538","lname538",45023.0
539.0,"fname539","lname539",39901.0
540.0,"fname540","lname540",3910.0
541.0,"fname541","lname541",3702.0
542.0,"fname542","lname542",33114.0
543.0,"fname543","lname543",2059.0
544.0,"fname544","lname544",1640.0
545.0,"fname545","lname545",40710.0
546.0,"fname546","lname546",44306.0
547.0,"fname547","lname547",27536.0
548.0,"fname548","lname548",12363.0
549.0,"fname549","lname549",45959.0
550.0,"fname550","lname550",5996.0
551.0,"fname551","lname551",17632.0
552.0,"fname552","lname552",4660.0
553.0,"fname553","lname553",1261.0
554.0,"fname554","lname554",28589.0
555.0,"fname555","lname555",1831.0
556.0,"fname556","lname556",28719.0
557.0,"fname557","lname557",28297.0
558.0,"fname558","lname558",43216.0
559.0,"fname559","lname559",44440.0
560.0,"fname560","lname560",14424.0
561.0,"fname561","lname561",26876.0
562.0,"fname562","lname562",31823.0
563.0,"fname563","lname563",27765.0
564.0,"fname564","lname564",28603.0
565.0,"fname565","lname565",42874.0
566.0,"fname566","lname566",37292.0
567.0,"fname567","lname567",31107.0
568.0,"fname568","lname568",49369.0
569.0,"fname569","lname569",26853.0
570.0,"fname570","lname570",13266.0
571.0,"fname571","lname571",29369.0
572.0,"fname572","lname572",30985.0
573.0,"fname573","lname573",33257.0
574.0,"fname574","lname574",49086.0
575.0,"fname575","lname575",49194.0
576.0,"fname576","lname576",11011.0
577.0,"fname577","lname577",21002.0
578.0,"fname578","lname578",15812.0
579.0,"fname579","lname579",48806.0
580.0,"fname580","lname580",11065.0
581.0,"fname581","lname581",6788.0
582.0,"fname582","lname582",14367.0
583.0,"fname583","lname583",23131.0
584.0,"fname584","lname584",48800.0
585.0,"fname585","lname585",7139.0
586.0,"fname586","lname586",6362.0
587.0,"fname587","lname587",48154.0
588.0,"fname588","lname588",45973.0
589.0,"fname589","lname589",5729.0
590.0,"fname590","lname590",19819.0
591.0,"fname591","lname591",26016.0
592.0,"fname592","lname592",46703.0
593.0,"fname593","lname593",2820.0
594.0,"fname594","lname594",34146.0
595.0,"fname595","lname595",25639.0
596.0,"fname596","lname596",9039.0
597.0,"fname597","lname597",2784.0
598.0,"fname598","lname598",37608.0
599.0,"fname599","lname599",28061.0
600.0,"fname600","lname600",16446.0
601.0,"fname601","lname601",6456.0
602.0,"fname602","lname602",34055.0
603.0,"fname603","lname603",33359.0
604.0,"fname604","lname604",34376.0
605.0,"fname605","lname605",19093.0
606.0,"fname606","lname606",27773.0
607.0,"fname607","lname607",8570.0
608.0,"fname608","lname608",12383.0
609.0,"fname609","lname609",45484.0
610.0,"fname610","lname610",47504.0
611.0,"fname611","lname611",1005.0
612.0,"fname612","lname612",9496.0
613.0,"fname613","lname613",18457.0
614.0,"fname614","lname614",27627.0
615.0,"fname615","lname615",46906.0
616.0,"fname616","lname616",18890.0
617.0,"fname617","lname617",9948.0
618.0,"fname618","lname618",42016.0
619.0,"fname619","lname619",27917.0
620.0,"fname620","lname620",10803.0
621.0,"fname621","lname621",13309.0
622.0,"fname622","lname622",49127.0
623.0,"fname623","lname623",35136.0
624.0,"fname624","lname624",40306.0
625.0,"fname625","lname625",1547.0
626.0,"fname626","lname626",1586.0
627.0,"fname627","lname627",27510.0
628.0,"fname628","lname628",35519.0
629.0,"fname629","lname629",13082.0
630.0,"fname630","lname630",16999.0
631.0,"fname631","lname631",26446.0
632.0,"fname632","lname632",34833.0
633.0,"fname633","lname633",4617.0
634.0,"fname634","lname634",15007.0
635.0,"fname635","lname635",13932.0
636.0,"fname636","lname636",26944.0
637.0,"fname637","lname637",38720.0
638.0,"fname638","lname638",7258.0
639.0,"fname639","lname639",33678.0
640.0,"fname640","lname640",11182.0
641.0,"fname641","lname641",34119.0
642.0,"fname642","lname642",38534.0
643.0,"fname643","lname643",1312.0
644.0,"fname644","lname644",38962.0
645.0,"fname645","lname645",36418.0
646.0,"fname646","lname646",41252.0
647.0,"fname647","lname647",40946.0
648.0,"fname648","lname648",38533.0
649.0,"fname649","lname649",35310.0
650.0,"fname650","lname650",32740.0
651.0,"fname651","lname651",3399.0
652.0,"fname652","lname652",5403.0
653.0,"fname653","lname653",11591.0
654.0,"fname654","lname654",21784.0
655.0,"fname655","lname655",1731.0
656.0,"fname656","lname656",27411.0
657.0,"fname657","lname657",45728.0
658.0,"fname658","lname658",22779.0
659.0,"fname659","lname659",11235.0
660.0,"fname660","lname660",639.0
661.0,"fname661","lname661",20481.0
662.0,"fname662","lname662",1056.0
663.0,"fname663","lname663",26631.0
664.0,"fname664","lname664",20903.0
665.0,"fname665","lname665",42175.0
666.0,"fname666","lname666",27867.0
667.0,"fname667","lname667",21485.0
668.0,"fname668","lname668",16994.0
669.0,"fname669","lname669",40434.0
670.0,"fname670","lname670",1663.0
671.0,"fname671","lname671",5294.0
672.0,"fname672","lname672",26251.0
673.0,"fname673","lname673",18833.0
674.0,"fname674","lname674",49365.0
675.0,"fname675","lname675",3688.0
676.0,"fname676","lname676",35588.0
677.0,"fname677","lname677",4615.0
678.0,"fname678","lname678",10661.0
679.0,"fname679","lname679",11010.0
680.0,"fname680","lname680",19830.0
681.0,"fname681","lname681",37078.0
682.0,"fname682","lname682",5224.0
683.0,"fname683","lname683",33137.0
684.0,"fname684","lname684",43293.0
685.0,"fname685","lname685",20155.0
686.0,"fname686","lname686",44606.0
687.0,"fname687","lname687",8872.0
688.0,"fname688","lname688",32353.0
689.0,"fname689","lname689",38330.0
690.0,"fname690","lname690",47087.0
691.0,"fname691","lname691",43813.0
692.0,"fname692","lname692",5346.0
693.0,"fname693","lname693",49397.0
694.0,"fname694","lname694",25349.0
695.0,"fname695","lname695",16484.0
696.0,"fname696","lname696",10226.0
697.0,"fname697","lname697",17954.0
698.0,"fname698","lname698",5944.0
699.0,"fname699","lname699",10631.0
700.0,"fname700","lname700",439.0
701.0,"fname701","lname701",31498.0
702.0,"fname702","lname702",37389.0
703.0,"fname703","lname703",3545.0
704.0,"fname704","lname704",262.0
705.0,"fname705","lname705",911.0
706.0,"fname706","lname706",79.0
707.0,"fname707","lname707",46909.0
708.0,"fname708","lname708",41616.0
709.0,"fname709","lname709",718.0
710.0,"fname710","lname710",8223.0
711.0,"fname711","lname711",12060.0
712.0,"fname712","lname712",43426.0
713.0,"fname713","lname713",18700.0
714.0,"fname714","lname714",32649.0
715.0,"fname715","lname715",27646.0
716.0,"fname716","lname716",40156.0
717.0,"fname717","lname717",36564.0
718.0,"fname718","lname718",12532.0
719.0,"fname719","lname719",38997.0
720.0,"fname720","lname720",19189.0
721.0,"fname721","lname721",4786.0
722.0,"fname722","lname722",31994.0
723.0,"fname723","lname723",47182.0
724.0,"fname724","lname724",37083.0
725.0,"fname725","lname725",25172.0
726.0,"fname726","lname726",48313.0
727.0,"fname727","lname727",2907.0
728.0,"fname728","lname728",5260.0
729.0,"fname729","lname729",7207.0
730.0,"fname730","lname730",33825.0
731.0,"fname731","lname731",27905.0
732.0,"fname732","lname732",5385.0
733.0,"fname733","lname733",35046.0
734.0,"fname734","lname734",25240.0
735.0,"fname735","lname735",12172.0
736.0,"fname736","lname736",16479.0
737.0,"fname737","lname737",26937.0
738.0,"fname738","lname738",42991.0
739.0,"fname739","lname739",32083.0
740.0,"fname740","lname740",48300.0
741.0,"fname741","lname741",34828.0
742.0,"fname742","lname742",17191.0
743.0,"fname743","lname743",4250.0
744.0,"fname744","lname744",10583.0
745.0,"fname745","lname745",46500.0
746.0,"fname746","lname746",45184.0
747.0,"fname747","lname747",17631.0
748.0,"fname748","lname748",45711.0
749.0,"fname749","lname749",49025.0
750.0,"fname750","lname750",20693.0
751.0,"fname751","lname751",42902.0
752.0,"fname752","lname752",12530.0
753.0,"fname753","lname753",1700.0
754.0,"fname754","lname754",28604.0
755.0,"fname755","lname755",18276.0
756.0,"fname756","lname756",5455.0
757.0,"fname757","lname757",31663.0
758.0,"fname758","lname758",18883.0
759.0,"fname759","lname759",29082.0
760.0,"fname760","lname760",18887.0
761.0,"fname761","lname761",25537.0
762.0,"fname762","lname762",8556.0
763.0,"fname763","lname763",718.0
764.0,"fname764","lname764",33090.0
765.0,"fname765","lname765",36704.0
766.0,"fname766","lname766",18459.0
767.0,"fname767","lname767",37173.0
768.0,"fname768","lname768",40432.0
769.0,"fname769","lname769",46140.0
770.0,"fname770","lname770",2024.0
771.0,"fname771","lname771",20516.0
772.0,"fname772","lname772",43476.0
773.0,"fname773","lname773",36557.0
774.0,"fname774","lname774",14016.0
775.0,"fname775","lname775",49202.0
776.0,"fname776","lname776",12120.0
777.0,"fname777","lname777",42477.0
778.0,"fname778","lname778",1297.0
779.0,"fname779","lname779",28438.0
780.0,"fname780","lname780",5565.0
781.0,"fname781","lname781",9998.0
782.0,"fname782","lname782",28137.0
783.0,"fname783","lname783",14664.0
784.0,"fname784","lname784",41289.0
785.0,"fname785","lname785",20543.0
786.0,"fname786","lname786",6898.0
787.0,"fname787","lname787",48258.0
788.0,"fname788","lname788",8556.0
789.0,"fname789","lname789",48672.0
790.0,"fname790","lname790",3055.0
791.0,"fname791","lname791",15847.0
792.0,"fname792","lname792",10780.0
793.0,"fname793","lname793",46965.0
794.0,"fname794","lname794",26448.0
795.0,"fname795","lname795",3708.0
796.0,"fname796","lname796",25597.0
797.0,"fname797","lname797",45375.0
798.0,"fname798","lname798",49469.0
799.0,"fname799","lname799",6418.0
800.0,"fname800","lname800",43208.0
801.0,"fname801","lname801",33266.0
802.0,"fname802","lname802",20792.0
803.0,"fname803","lname803",390.0
804.0,"fname804","lname804",33767.0
805.0,"fname805","lname805",8718.0
806.0,"fname806","lname806",22311.0
807.0,"fname807","lname807",46550.0
808.0,"fname808","lname808",1458.0
809.0,"fname809","lname809",38548.0
810.0,"fname810","lname810",3549.0
811.0,"fname811","lname811",8851.0
812.0,"fname812","lname812",1740.0
813.0,"fname813","lname813",31762.0
814.0,"fname814","lname814",25445.0
815.0,"fname815","lname815",24306.0
816.0,"fname816","lname816",48279.0
817.0,"fname817","lname817",12756.0
818.0,"fname818","lname818",1065.0
819.0,"fname819","lname819",35906.0
820.0,"fname820","lname820",5599.0
821.0,"fname821","lname821",12308.0
822.0,"fname822","lname822",20693.0
823.0,"fname823","lname823",42176.0
824.0,"fname824","lname824",27723.0
825.0,"fname825","lname825",1000.0
826.0,"fname826","lname826",26886.0
827.0,"fname827","lname827",19360.0
828.0,"fname828","lname828",14472.0
829.0,"fname829","lname829",47291.0
830.0,"fname830","lname830",1017.0
831.0,"fname831","lname831",33374.0
832.0,"fname832","lname832",37153.0
833.0,"fname833","lname833",6338.0
834.0,"fname834","lname834",5684.0
835.0,"fname835","lname835",44218.0
836.0,"fname836","lname836",16691.0
837.0,"fname837","lname837",40649.0
838.0,"fname838","lname838",7569.0
839.0,"fname839","lname839",19406.0
840.0,"fname840","lname840",18465.0
841.0,"fname841","lname841",24288.0
842.0,"fname842","lname842",27644.0
843.0,"fname843","lname843",13961.0
844.0,"fname844","lname844",33068.0
845.0,"fname845","lname845",4402.0
846.0,"fname846","lname846",16739.0
847.0,"fname847","lname847",1173.0
848.0,"fname848","lname848",24005.0
849.0,"fname849","lname849",22308.0
850.0,"fname850","lname850",17872.0
851.0,"fname851","lname851",41126.0
852.0,"fname852","lname852",30353.0
853.0,"fname853","lname853",1045.0
854.0,"fname854","lname854",18631.0
855.0,"fname855","lname855",31561.0
856.0,"fname856","lname856",39418.0
857.0,"fname857","lname857",17214.0
858.0,"fname858","lname858",35238.0
859.0,"fname859","lname859",49724.0
860.0,"fname860","lname860",35040.0
861.0,"fname861","lname861",22850.0
862.0,"fname862","lname862",20600.0
863.0,"fname863","lname863",49622.0
864.0,"fname864","lname864",49073.0
865.0,"fname865","lname865",8348.0
866.0,"fname866","lname866",256.0
867.0,"fname867","lname867",9992.0
868.0,"fname868","lname868",39326.0
869.0,"fname869","lname869",23263.0
870.0,"fname870","lname870",35245.0
871.0,"fname871","lname871",12116.0
872.0,"fname872","lname872",26762.0
873.0,"fname873","lname873",7224.0
874.0,"fname874","lname874",6139.0
875.0,"fname875","lname875",33482.0
876.0,"fname876","lname876",11715.0
877.0,"fname877","lname877",20125.0
878.0,"fname878","lname878",19628.0
879.0,"fname879","lname879",7888.0
880.0,"fname880","lname880",42465.0
881.0,"fname881","lname881",26274.0
882.0,"fname882","lname882",21253.0
883.0,"fname883","lname883",48586.0
884.0,"fname884","lname884",42252.0
885.0,"fname885","lname885",3049.0
886.0,"fname886","lname886",33465.0
887.0,"fname887","lname887",15849.0
888.0,"fname888","lname888",6550.0
889.0,"fname889","lname889",44171.0
890.0,"fname890","lname890",21248.0
891.0,"fname891","lname891",35144.0
892.0,"fname892","lname892",35844.0
893.0,"fname893","lname893",45466.0
894.0,"fname894","lname894",22007.0
895.0,"fname895","lname895",19746.0
896.0,"fname896","lname896",22098.0
897.0,"fname897","lname897",21241.0
898.0,"fname898","lname898",32054.0
899.0,"fname899","lname899",878.0
900.0,"fname900","lname900",13723.0
901.0,"fname901","lname901",40350.0
902.0,"fname902","lname902",40427.0
903.0,"fname903","lname903",46874.0
904.0,"fname904","lname904",12270.0
905.0,"fname905","lname905",37003.0
906.0,"fname906","lname906",1716.0
907.0,"fname907","lname907",31980.0
908.0,"fname908","lname908",5445.0
909.0,"fname909","lname909",43.0
910.0,"fname910","lname910",35156.0
911.0,"fname911","lname911",31808.0
912.0,"fname912","lname912",5088.0
913.0,"fname913","lname913",1943.0
914.0,"fname914","lname914",42601.0
915.0,"fname915","lname915",14110.0
916.0,"fname916","lname916",38986.0
917.0,"fname917","lname917",836.0
918.0,"fname918","lname918",22738.0
919.0,"fname919","lname919",43906.0
920.0,"fname920","lname920",34161.0
921.0,"fname921","lname921",36579.0
922.0,"fname922","lname922",40226.0
923.0,"fname923","lname923",33587.0
924.0,"fname924","lname924",34773.0
925.0,"fname925","lname925",17189.0
926.0,"fname926","lname926",20974.0
927.0,"fname927","lname927",22525.0
928.0,"fname928","lname928",15818.0
929.0,"fname929","lname929",49314.0
930.0,"fname930","lname930",47251.0
931.0,"fname931","lname931",26465.0
932.0,"fname932","lname932",11659.0
933.0,"fname933","lname933",38044.0
934.0,"fname934","lname934",34080.0
935.0,"fname935","lname935",48059.0
936.0,"fname936","lname936",40080.0
937.0,"fname937","lname937",40218.0
938.0,"fname938","lname938",13340.0
939.0,"fname939","lname939",2785.0
940.0,"fname940","lname940",36713.0
941.0,"fname941","lname941",49519.0
942.0,"fname942","lname942",12503.0
943.0,"fname943","lname943",20320.0
944.0,"fname944","lname944",4101.0
945.0,"fname945","lname945",21484.0
946.0,"fname946","lname946",25784.0
947.0,"fname947","lname947",8301.0
948.0,"fname948","lname948",4119.0
949.0,"fname949","lname949",29397.0
950.0,"fname950","lname950",16023.0
951.0,"fname951","lname951",10.0
952.0,"fname952","lname952",49242.0
953.0,"fname953","lname953",18035.0
954.0,"fname954","lname954",14453.0
955.0,"fname955","lname955",39820.0
956.0,"fname956","lname956",48691.0
957.0,"fname957","lname957",43623.0
958.0,"fname958","lname958",34319.0
959.0,"fname959","lname959",23040.0
960.0,"fname960","lname960",1119.0
961.0,"fname961","lname961",4736.0
962.0,"fname962","lname962",19853.0
963.0,"fname963","lname963",36441.0
964.0,"fname964","lname964",20815.0
965.0,"fname965","lname965",47555.0
966.0,"fname966","lname966",8954.0
967.0,"fname967","lname967",11938.0
968.0,"fname968","lname968",37591.0
969.0,"fname969","lname969",47125.0
970.0,"fname970","lname970",46093.0
971.0,"fname971","lname971",10794.0
972.0,"fname972","lname972",46162.0
973.0,"fname973","lname973",24843.0
974.0,"fname974","lname974",47328.0
975.0,"fname975","lname975",43321.0
976.0,"fname976","lname976",28923.0
977.0,"fname977","lname977",6177.0
978.0,"fname978","lname978",27020.0
979.0,"fname979","lname979",27925.0
980.0,"fname980","lname980",1703.0
981.0,"fname981","lname981",45854.0
982.0,"fname982","lname982",5349.0
983.0,"fname983","lname983",2528.0
984.0,"fname984","lname984",43827.0
985.0,"fname985","lname985",29054.0
986.0,"fname986","lname986",17313.0
987.0,"fname987","lname987",48887.0
988.0,"fname988","lname988",40818.0
989.0,"fname989","lname989",12220.0
990.0,"fname990","lname990",6532.0
991.0,"fname991","lname991",26136.0
992.0,"fname992","lname992",3686.0
993.0,"fname993","lname993",40490.0
994.0,"fname994","lname994",3190.0
995.0,"fname995","lname995",12082.0
996.0,"fname996","lname996",2650.0
997.0,"fname997","lname997",1347.0
998.0,"fname998","lname998",3868.0
999.0,"fname999","lname999",21644.0
1000.0,"fname1000","lname1000",47770.0
